FSA,LAT,LON
L3R,43.85245593432392,-79.32199477605052
L3S,43.84465240109344,-79.26731421448311
L3T,43.821247637614675,-79.39217699894495
L3X,44.041316648975304,-79.4672857012454
L4B,43.85650555649241,-79.40285247560989
L4E,43.9363134117861,-79.45614715883231
L4G,44.00073320068557,-79.46235697755375
L4H,43.82975695847227,-79.58997144893301
L4J,43.81421565462428,-79.45508975622832
L4P,44.231601118151815,-79.46595197077228
L6A,43.859495519491524,-79.50992558213842
L6C,43.8895341528777,-79.333133723259
M1B,43.807320750977105,-79.2023880036795
M1C,43.78720240780619,-79.15443785830418
M1E,43.76690244965935,-79.18800118960635
M1G,43.768458719054244,-79.2164684132267
M1H,43.765658887179484,-79.2387409674359
M1J,43.7460155946704,-79.23342568481065
M1K,43.72541225935374,-79.26250352532313
M1L,43.707530842484246,-79.2840128530423
M1M,43.726643286783045,-79.23214474583541
M1N,43.69473070698254,-79.26664618753117
M1P,43.762434874301675,-79.27175445985102
M1R,43.75079742395105,-79.30000897494756
M1S,43.79182288470588,-79.27138897277646
M1T,43.781495460106385,-79.30398540763298
M1V,43.81759496273292,-79.2826742177795
M1W,43.80037511580217,-79.32061654961399
M1X,43.82764927896341,-79.22615270253048
M2H,43.801199145768024,-79.35904947561129
M2J,43.78064016427105,-79.34796437112936
M2K,43.77760099580713,-79.38183100979036
M2L,43.754712795918365,-79.3795365362449
M2M,43.791631477748695,-79.41079944604712
M2N,43.76711339391745,-79.41019582765388
M2P,43.750114412587415,-79.39868499216783
M2R,43.77870006573426,-79.44302627556644
M3A,43.7542672796748,-79.32654087458536
M3B,43.74548811247803,-79.35800331632689
M3C,43.7251886339779,-79.34098153696132
M3H,43.75210310469314,-79.44649093747293
M3J,43.76111832299013,-79.49250101778561
M3K,43.732967236434106,-79.468077902248055
M3L,43.7342163117506,-79.5123224392566
M3M,43.729530279026214,-79.49540508951311
M3N,43.75525767311828,-79.51899064488173
M4A,43.728107314285715,-79.31096367957143
M4B,43.70679208754209,-79.30688830656565
M4C,43.69061882234432,-79.31108204805861
M4E,43.67889645454545,-79.29435956949494
M4G,43.70740328313253,-79.3675370081024
M4H,43.70443598958333,-79.34566315604167
M4J,43.68573453138075,-79.33677723983264
M4K,43.67881332046332,-79.35055654526384
M4L,43.67100780445544,-79.31624637732673
M4M,43.66232428955224,-79.34154430620896
M4N,43.727098723880594,-79.39539781602986
M4P,43.71118756153846,-79.38958956158974
M4R,43.71355055405405,-79.40526408871622
M4S,43.70305497339246,-79.38751387478936
M4T,43.68877292349727,-79.38651605273225
M4V,43.68595698654708,-79.40148147076233
M4W,43.6770766097561,-79.3806453736773
M4X,43.66758073706897,-79.36894972034483
M4Y,43.66811282222222,-79.37721525925252
M5A,43.6560471834962,-79.36417482198696
M5B,43.657695966244724,-79.37834727759494
M5C,43.65100571818182,-79.37555110418182
M5E,43.64675016666666,-79.37356277628206
M5G,43.656627665254234,-79.38544012016949
M5H,43.64975207692308,-79.38318738663462
M5J,43.64246283333333,-79.38323980091504
M5K,43.64697480769231,-79.38198320615385
M5L,43.648186749999994,-79.379783625
M5M,43.73273196343001,-79.41831456172761
M5N,43.71090978971963,-79.41930212070093
M5P,43.69612427943485,-79.41255836651492
M5R,43.673530971854305,-79.4029311757947
M5S,43.66471940970874,-79.39860583353398
M5T,43.65278435483871,-79.39672829935483
M5V,43.6436813289987,-79.39669081358907
M5W,43.6479004,-79.36885185004228
M5X,43.648363,-79.38195512935484
M6A,43.722506629473685,-79.44497819374737
M6B,43.707445514164306,-79.44605335668555
M6C,43.69081573037975,-79.43090289331646
M6E,43.68797516650246,-79.44934395100492
M6G,43.66853191334894,-79.42107274398127
M6H,43.66544356823028,-79.43745413985074
M6J,43.64810001338199,-79.41769173233577
M6K,43.64152490526316,-79.43058436148873
M6L,43.71387237672282,-79.48657841361408
M6M,43.69271814162679,-79.48225194286124
M6N,43.67534041971831,-79.47911108169953
M6P,43.66066614446952,-79.46316872573364
M6R,43.64696986148007,-79.44847845592031
M6S,43.65280790433925,-79.48433691615385
M7A,43.66583561864407,-79.38971126677966
M8V,43.60683834507042,-79.50103691560564
M8W,43.59939163243243,-79.53932996900541
M8X,43.65283641212121,-79.50921456155555
M8Y,43.63250826212471,-79.49698432357968
M8Z,43.62904560284281,-79.51598417770903
M9A,43.665976721575646,-79.525597437735
M9B,43.65288048682171,-79.5523366352248
M9C,43.64561778913444,-79.5740001510129
M9L,43.75709367224881,-79.5626647007177
M9M,43.73756942258652,-79.5402291253734
M9N,43.70458679320113,-79.51647958750708
M9P,43.692735809806834,-79.53143945695393
M9R,43.6879888159204,-79.55615562052239
M9V,43.74273403416436,-79.5849067766482
M9W,43.719516730599366,-79.58212897373501
